Workbook

Sheet Forecast
A1: Cluster | B1: Request Received | C1: Original Requested Start Date | D1: Request Type | E1: Client Priority | F1: Client | G1: EM | H1: Likely Start Date | I1: Start Date Confirmed | J1: Number of Weeks | K1: Deal Stage (HubSpot) | L1: Solution | M1: Priority | N1: Status | O1: Resources Requested | P1: % | Q1: Resource Recommended | R1: % Available | S1: Skillset | T1: Skillset Match (Complete / Partial / No) | U1: SOW Signed | V1: Comments
A2: 3 | B2: 46070 | C2: 46132 | D2: New | E2: Gold | F2: Sigma | G2: XYXY | H2: 46209 | I2: No | J2: 11 | K2: Scoping Approval | L2: Value Creation | M2: Medium | N2: Not Resourced | O2: P | P2: 25 | U2: No | V2: It isn't solidified yet but requires very specific skillsets. I have pre-emptively engaged with CoE leads and Cluster leads of the required personnel - from Chris
A3: 3 | C3: 46132 | H3: 46209 | M3: Medium | N3: Not Resourced | O3: SC | P3: 50
A4: 3 | C4: 46132 | H4: 46209 | M4: Medium | N4: Not Resourced | O4: C | P4: 100
A5: 3 | C5: 46132 | H5: 46209 | M5: Medium | N5: Not Resourced | O5: Sr Sol Con | P5: 75/100 | S5: {=INDEX(Skillset!$C$2:$C$101, MOD(ROW()-2, 100)+1)} -> PII handling, Scalable execution environments, Incremental loads & CDC | V5: Extensive snowflake experience is required
A6: 3 | C6: 46132 | H6: 46209 | M6: Medium | N6: Not Resourced | O6: SSE | P6: 100 | S6: {=INDEX(Skillset!$C$2:$C$101, MOD(ROW()-2, 100)+1)} -> Data preparation for decision making report, Anomaly detection, LTV (Life Time Value)
A7: 3 | C7: 46132 | H7: 46209 | M7: Medium | N7: Not Resourced | O7: SE | P7: 100 | S7: {=INDEX(Skillset!$C$2:$C$101, MOD(ROW()-2, 100)+1)} -> Industry Knowledge - Understanding of the specific industry or market, industry trends, challenges, and best practices., Communication Skills - Ability to present findings and insights to technical and non-technical stakeholders., Data Visualization Tools - Experience with BI tools like Tableau, Power BI, or QlikView.
A8: 5 | B8: 46077 | C8: 46132 | E8: Gold | F8: Spidy | G8: XYXY | H8: 46209 | K8: Signed | L8: Due Diligence | M8: Medium | N8: Not Resourced | O8: Enabler | P8: 12.5 | S8: {=INDEX(Skillset!$C$2:$C$101, MOD(ROW()-2, 100)+1)} -> Pipeline design principles, Workspace, environment & compute management, Project scoping & planning
A9: 5 | C9: 46132 | H9: 46209 | I9: Yes | J9: 4 | M9: Medium | N9: Not Resourced | O9: Sol Con | P9: 50 | S9: {=INDEX(Skillset!$C$2:$C$101, MOD(ROW()-2, 100)+1)} -> Programming Languages - Familiarity with scripting languages for automation., Problem-Solving Skills - Proficiency in identifying issues and developing solutions with creative thinking to approach problems from different angles., SQL Proficiency-Ability to write complex queries and optimize them for performance.
A10: 5 | C10: 46132 | H10: 46209 | M10: Medium | N10: Not Resourced | O10: SE | P10: 100 | S10: {=INDEX(Skillset!$C$2:$C$101, MOD(ROW()-2, 100)+1)} -> integrations, Network Security, Monitoring
A11: 4 | B11: 46107 | C11: 46132 | D11: New | E11: Other | F11: FD | G11: XYXY | H11: 46209 | I11: No | J11: 5 | K11: Build the Proposition | M11: High | N11: Not Resourced | O11: AP/P | P11: 37.5 | U11: No
A12: 4 | C12: 46132 | H12: 46209 | M12: High | N12: Not Resourced | O12: PA | P12: 25
A13: 4 | C13: 46132 | H13: 46209 | M13: High | N13: Not Resourced | O13: SC (EM) | P13: 50 | V13: strong EM with Discovery & Design experience
A14: 4 | C14: 46132 | H14: 46209 | M14: High | N14: Not Resourced | O14: SAC | P14: 100 | V14: strong SAC with Discovery & Design experience
A15: 4 | C15: 46132 | H15: 46209 | L15: Core Reporting | M15: High | N15: Not Resourced | O15: SAC | P15: 100 | V15: strong SAC with business process change experience - one SAC for the dashboard design and one SAC for business process change (an additional workstream that is not typically included in our D&D phase.
A16: 4 | C16: 46132 | H16: 46209 | M16: High | N16: Not Resourced | O16: Sol Con | P16: 100 | S16: {=INDEX(Skillset!$C$2:$C$101, MOD(ROW()-2, 100)+1)} -> GraphQL, JavaScript, API Security best practices | V16: Discovery & Design experience
A17: 4 | C17: 46132 | H17: 46209 | M17: High | N17: Not Resourced | O17: Enabler | P17: 100 | S17: {=INDEX(Skillset!$C$2:$C$101, MOD(ROW()-2, 100)+1)} -> Kubernetes, security groups, Tracing | V17: Discovery & Design experience
A18: 4 | C18: 46132 | H18: 46209 | M18: High | N18: Not Resourced | O18: SSE | P18: 100 | S18: {=INDEX(Skillset!$C$2:$C$101, MOD(ROW()-2, 100)+1)} -> Retry & exponential backoff logic, User-agent rotation, Audit logging for traceability | V18: with data gap assessment or Discovery & Design experience (100%)
A19: 5 | B19: 46107 | C19: 46132 | D19: New | E19: Gold | F19: HD | G19: XYXY | H19: 46223 | I19: No | J19: 5 | K19: Build the Proposition | L19: Core Reporting | M19: Low | N19: Part Resourced | O19: AP | P19: 12.5 | U19: No
A20: 5 | C20: 46132 | H20: 46223 | M20: Low | N20: Part Resourced | O20: M | P20: 50
A21: 5 | C21: 46132 | H21: 46223 | M21: Low | N21: Part Resourced | O21: SC | P21: 50
A22: 5 | C22: 46132 | H22: 46223 | M22: Low | N22: Part Resourced | O22: SAC | P22: 100 | V22: could we use AC?
A23: 5 | C23: 46132 | H23: 46223 | M23: Low | N23: Not Resourced | O23: PA | P23: 25
A24: 5 | C24: 46132 | H24: 46223 | M24: Low | N24: Not Resourced | O24: Sol Con | P24: 100 | S24: {=INDEX(Skillset!$C$2:$C$101, MOD(ROW()-2, 100)+1)} -> Azure, Lakehouse & Warehouse Architecture patterns, Lakehouse & Warehouse Architecture patterns
A25: 3 | B25: 46077 | C25: 46090 | D25: New | E25: Other | F25: Alpha | G25: XYXY | H25: 46265 | I25: No | J25: 3 | L25: Exit Support | M25: Low | N25: Not Resourced | O25: P | P25: 12.5 | U25: Yes
A26: 3 | C26: 46090 | H26: 46265 | M26: Low | N26: Not Resourced | O26: PA | P26: 25
A27: 3 | C27: 46090 | H27: 46265 | M27: Low | N27: Not Resourced | O27: EM | P27: 50 | V27: Already assigned to PureFin - has 50% available
A28: 3 | C28: 46090 | H28: 46265 | M28: Low | N28: Not Resourced | O28: SAC | P28: 100
A29: 3 | C29: 46090 | H29: 46265 | M29: Low | N29: Not Resourced | O29: AC | P29: 100 | V29: new hire
A30: 3 | C30: 46090 | H30: 46265 | M30: Low | N30: Not Resourced | O30: Sol Con | P30: 100 | S30: {=INDEX(Skillset!$C$2:$C$101, MOD(ROW()-2, 100)+1)} -> Bicep, Policy as code, Network Security
A31: 3 | C31: 46090 | H31: 46265 | M31: Low | N31: Not Resourced | O31: SSE | P31: 100 | S31: {=INDEX(Skillset!$C$2:$C$101, MOD(ROW()-2, 100)+1)} -> Tracing, security groups, REST APIs
A32: 3 | C32: 46160 | E32: Gold | F32: Pappa Jones | H32: 46204 | K32: Build the Proposition | M32: Low | N32: Not Resourced | O32: SAC | P32: 100 | U32: No
A33: 5 | B33: 46128 | C33: 46160 | D33: Next Phase | E33: Gold | F33: Mcd | H33: 46223 | I33: No | J33: 7 | K33: Signed | L33: Due Diligence | M33: Low | N33: Not Resourced | O33: AC | P33: 100
A34: 5 | C34: 46160 | E34: Gold | H34: 46223 | M34: Low | N34: Not Resourced | O34: Enabler | P34: 100 | S34: {=INDEX(Skillset!$C$2:$C$101, MOD(ROW()-2, 100)+1)} -> CI/CD Pipelines, Mobile-friendly architecture, Agile manifesto & principles
A35: 5 | C35: 46160 | E35: Gold | H35: 46223 | M35: Low | N35: Not Resourced | O35: SE | P35: 100 | S35: {=INDEX(Skillset!$C$2:$C$101, MOD(ROW()-2, 100)+1)} -> Business Acumen - Understanding of business processes and metrics to align BI solutions with business goals and strategies., Time Management - Strong organizational skills to manage multiple projects and priorities., Business Acumen - Understanding of business processes and metrics to align BI solutions with business goals and strategies.
A36: 5 | B36: 46135 | C36: 46160 | E36: Silver | F36: Pepsi | H36: 46216 | I36: No | J36: 16 | L36: Exit Support | M36: High | N36: Not Resourced | O36: SC | P36: 25
A37: 5 | C37: 46160 | E37: Silver | H37: 46216 | M37: High | N37: Not Resourced | O37: SAC | P37: 100
A38: 5 | C38: 46160 | E38: Silver | H38: 46216 | M38: High | N38: Not Resourced | O38: PA | P38: 12.5
A39: 5 | C39: 46160 | E39: Silver | H39: 46216 | M39: High | N39: Not Resourced | O39: Sol Con | P39: 50 | S39: {=INDEX(Skillset!$C$2:$C$101, MOD(ROW()-2, 100)+1)} -> Dimensional, Lakehouse & Warehouse Architecture patterns, Snowflake with dbt
A40: 5 | C40: 46160 | E40: Silver | H40: 46216 | M40: High | N40: Not Resourced | O40: Enabler | P40: 100 | S40: {=INDEX(Skillset!$C$2:$C$101, MOD(ROW()-2, 100)+1)} -> Dimensional, AWS, Data observability
A41: 5 | C41: 46160 | E41: Silver | H41: 46216 | M41: High | N41: Not Resourced | O41: SSE | P41: 100 | S41: {=INDEX(Skillset!$C$2:$C$101, MOD(ROW()-2, 100)+1)} -> MLflow, Multi-agent orchestration, EDA
A42: 5 | C42: 46160 | E42: Silver | H42: 46216 | M42: High | N42: Not Resourced | O42: SE | P42: 100 | S42: {=INDEX(Skillset!$C$2:$C$101, MOD(ROW()-2, 100)+1)} -> Logging, Policy as code, integrations
A43: 5 | C43: 46160 | E43: Silver | H43: 46216 | M43: High | N43: Not Resourced | O43: SE | P43: 12.5 | S43: {=INDEX(Skillset!$C$2:$C$101, MOD(ROW()-2, 100)+1)} -> Nest, Docker, Redis | V43: DevOps Engineer
A44: 2 | B44: 46148 | C44: 46168 | D44: Next Phase | E44: Gold | F44: Sempra | H44: 46216 | I44: No | J44: 6 | K44: Propose & Negotiate | L44: Value Creation | M44: Low | N44: Part Resourced | O44: P | P44: 12.5 | U44: No | V44: Data Scientist Engineer
A45: 2 | C45: 46168 | E45: Gold | H45: 46216 | M45: Low | N45: Part Resourced | O45: EM | P45: 50 | V45: Data Scientist Engineer
A46: 2 | C46: 46168 | E46: Gold | H46: 46216 | M46: Low | N46: Not Resourced | O46: SAC/AC | P46: 100 | V46: SAC or Experienced AC has led workstreams independently
A47: 2 | C47: 46168 | E47: Gold | H47: 46216 | M47: Low | N47: Not Resourced | O47: PA | P47: 25 | V47: (all - or as much as possible - Data Science & ML CoE
A48: 2 | C48: 46168 | E48: Gold | H48: 46216 | M48: Low | N48: Not Resourced | O48: Enabler | P48: 100 | S48: {=INDEX(Skillset!$C$2:$C$101, MOD(ROW()-2, 100)+1)} -> Time Management - Strong organizational skills to manage multiple projects and priorities., SQL Proficiency-Ability to write complex queries and optimize them for performance., Business Acumen - Understanding of business operations and financial principles. | V48: (all - or as much as possible - Data Science & ML CoE
A49: 2 | C49: 46168 | E49: Gold | H49: 46216 | M49: Low | N49: Not Resourced | O49: SSE | P49: 100 | S49: {=INDEX(Skillset!$C$2:$C$101, MOD(ROW()-2, 100)+1)} -> Prompt templates and reusable prompts, Survival Analysis (CPH), Pandas, Numpy | V49: (all - or as much as possible - Data Science & ML CoE
A50: 2 | C50: 46168 | E50: Gold | H50: 46216 | M50: Low | N50: Part Resourced | O50: SSE | P50: 100 | S50: {=INDEX(Skillset!$C$2:$C$101, MOD(ROW()-2, 100)+1)} -> Multi-agent orchestration, Amazon S3, Chroma | V50: Free of charge (will be covered by Navya as part of utilisation workstream)
A51: 2 | C51: 46168 | E51: Gold | H51: 46216 | M51: Low | N51: Not Resourced | O51: SE | P51: 100 | S51: {=INDEX(Skillset!$C$2:$C$101, MOD(ROW()-2, 100)+1)} -> Technical Skills - Familiarity with relevant tools and technologies specific to the consulting field. Proficiency in data analysis software, project management tools, or CRM systems., Understanding of how to handle large volumes of data. - Handelling large data volumes, Technical Skills - Familiarity with relevant tools and technologies specific to the consulting field. Proficiency in data analysis software, project management tools, or CRM systems. | V51: (all - or as much as possible - Data Science & ML CoE
A52: 4 | B52: 46150 | C52: 46174 | D52: New Request | E52: Bronze | F52: Tata | H52: 46209 | I52: No* | J52: 4 | K52: Build the Proposition | L52: Due Diligence | M52: Medium | N52: Not Resourced | O52: AP | P52: 12.5 | U52: No
A53: 4 | C53: 46174 | E53: Bronze | H53: 46209 | M53: Medium | N53: Not Resourced | O53: P | P53: 37.5
A54: 4 | C54: 46174 | E54: Bronze | H54: 46209 | M54: Medium | N54: Not Resourced | O54: C | P54: 50 | V54: strong commercial sense, client engagement, engagement management
A55: 4 | C55: 46174 | E55: Bronze | H55: 46209 | M55: Medium | N55: Not Resourced | O55: AC | P55: 100 | V55: strong commercial sense, problem solving, slide writing, client engagement
A56: 4 | C56: 46174 | E56: Bronze | H56: 46209 | M56: Medium | N56: Not Resourced | O56: PA | P56: 37.5
A57: 4 | C57: 46174 | E57: Bronze | H57: 46209 | M57: Medium | N57: Not Resourced | O57: SE | P57: 100 | S57: {=INDEX(Skillset!$C$2:$C$101, MOD(ROW()-2, 100)+1)} -> Vertex AI, AutoGen, Amazon SageMaker | V57: experience with data gap assessment and data due diligence preferred
A58: 5 | B58: 46156 | C58: 46174 | D58: New Request | E58: Other | F58: Kawasaki | H58: 46195 | I58: No | J58: 8 | K58: Build the Proposition | L58: Core Reporting | M58: Complete | N58: Resourced | O58: P | P58: 12.5 | U58: No
A59: 5 | B59: 46156 | C59: 46174 | E59: Other | H59: 46195 | M59: Complete | N59: Resourced | O59: PA | P59: 12.5
A60: 5 | B60: 46156 | C60: 46174 | E60: Other | H60: 46195 | M60: Urgent | N60: Not Resourced | O60: SC | P60: 50
A61: 5 | B61: 46156 | C61: 46174 | E61: Other | H61: 46195 | M61: Urgent | N61: Not Resourced | O61: SAC | P61: 100 | V61: Safa elsewhere
A62: 5 | B62: 46156 | C62: 46174 | E62: Other | H62: 46202 | M62: Urgent | N62: Not Resourced | O62: Enabler | P62: 100 | S62: {=INDEX(Skillset!$C$2:$C$101, MOD(ROW()-2, 100)+1)} -> Data Governance and Security - data governance & security principles and best practices., SQL Proficiency-Ability to write complex queries and optimize them for performance., Time Management - Strong organizational skills to manage multiple projects and priorities. | V62: Snowflake experience
A63: 5 | B63: 46156 | C63: 46174 | E63: Other | H63: 46202 | M63: Urgent | N63: Not Resourced | O63: SSE | P63: 100 | S63: {=INDEX(Skillset!$C$2:$C$101, MOD(ROW()-2, 100)+1)} -> Antigravity, ShadCN, Next.JS
A64: 5 | B64: 46156 | C64: 46174 | E64: Other | H64: 46202 | M64: Urgent | N64: Not Resourced | O64: SE | P64: 100 | S64: {=INDEX(Skillset!$C$2:$C$101, MOD(ROW()-2, 100)+1)} -> Redis, Tailwind, Webassembly basics
A65: 2 | B65: 46157 | C65: 46174 | D65: New Request | E65: Other | F65: Honda | H65: 46202 | M65: High | N65: Not Resourced | O65: SSE | P65: 100 | S65: {=INDEX(Skillset!$C$2:$C$101, MOD(ROW()-2, 100)+1)} -> Workspace, environment & compute management, Version control (Git), Source Vs target reconciliation
A66: 5 | B66: 46157 | C66: 46167 | D66: Next Phase | E66: Silver | F66: KTM | H66: 46195 | I66: Yes | J66: 12 | L66: Core Reporting | M66: Urgent | N66: Part Resourced | O66: P | P66: 50 | U66: No
A67: 5 | B67: 46157 | C67: 46167 | E67: Silver | H67: 46195 | L67: Exit Support | M67: Urgent | N67: Not Resourced | O67: C | P67: 50
A68: 5 | B68: 46157 | C68: 46167 | E68: Silver | H68: 46195 | M68: Urgent | N68: Not Resourced | O68: PA | P68: 25
A69: 5 | B69: 46157 | C69: 46167 | E69: Silver | H69: 46195 | M69: Urgent | N69: Not Resourced | O69: SAC or AC | P69: 100 | V69: Preferences for Power BI + Customer Tool experience - strong end to end build phase experience
A70: 5 | B70: 46157 | C70: 46167 | E70: Silver | H70: 46195 | M70: Urgent | N70: Not Resourced | O70: Sol Con | P70: 100 | S70: {=INDEX(Skillset!$C$2:$C$101, MOD(ROW()-2, 100)+1)} -> Logging, Kubernetes, Bicep | V70: Fabric front end and power Bi
A71: 5 | B71: 46157 | C71: 46167 | E71: Silver | H71: 46195 | M71: Urgent | N71: Not Resourced | O71: SSE | P71: 100 | S71: {=INDEX(Skillset!$C$2:$C$101, MOD(ROW()-2, 100)+1)} -> Google Stitch, Kubernets, Agile manifesto & principles
A72: 5 | B72: 46157 | C72: 46167 | E72: Silver | H72: 46195 | M72: Urgent | N72: Not Resourced | O72: SE | P72: 100 | S72: {=INDEX(Skillset!$C$2:$C$101, MOD(ROW()-2, 100)+1)} -> Indexing basics, Dashboard troubleshooting, Rate limiting & throttling strategies | V72: strong Senior Software Engineer with end to end build experience- Fabric
A73: 5 | B73: 46107 | C73: 46139 | D73: New | E73: Gold | F73: KIA | H73: 46195 | I73: No | J73: 5 | K73: SOW with Customer | M73: Urgent | N73: Resourced | O73: AP | P73: 12.5 | U73: Yes
A74: 5 | B74: 46107 | C74: 46139 | E74: Gold | H74: 46195 | M74: Urgent | N74: Resourced | O74: M | P74: 50
A75: 5 | B75: 46107 | C75: 46139 | E75: Gold | H75: 46195 | M75: Urgent | N75: Resourced | O75: C | P75: 100
A76: 5 | B76: 46107 | C76: 46139 | E76: Gold | H76: 46195 | M76: Urgent | N76: Not Resourced | O76: PA | P76: 25
A77: 5 | B77: 46107 | C77: 46139 | E77: Gold | H77: 46195 | M77: Urgent | N77: Not Resourced | O77: Sol Con | P77: 100 | S77: {=INDEX(Skillset!$C$2:$C$101, MOD(ROW()-2, 100)+1)} -> SAST & DAST, integrations, VPCs | V77: Sol Con 100 or Sol Con 50 + SE 100
A78: 5 | B78: 46107 | C78: 46139 | E78: Gold | H78: 46195 | M78: Urgent | N78: Not Resourced | O78: SE | P78: 100 | S78: {=INDEX(Skillset!$C$2:$C$101, MOD(ROW()-2, 100)+1)} -> Understanding of how to handle large volumes of data. - Handelling large data volumes, Project Management - Skills in planning, executing, and managing projects to meet deadlines and manage resources effectively., Time Management - Strong organizational skills to manage multiple projects and priorities.
A79: 5 | B79: 46162 | C79: 46265 | E79: Bronze | F79: Hyundai | H79: 46265 | I79: Yes | K79: Deal Won | M79: High | N79: Not Resourced | O79: P | P79: 12.5 | U79: Yes
A80: 5 | B80: 46162 | C80: 46265 | E80: Bronze | H80: 46265 | M80: High | N80: Not Resourced | O80: M | P80: 12.5
A81: 5 | B81: 46162 | C81: 46265 | E81: Bronze | H81: 46265 | J81: 8 | M81: High | N81: Not Resourced | O81: Snr Sol Con | P81: 50 | S81: {=INDEX(Skillset!$C$2:$C$101, MOD(ROW()-2, 100)+1)} -> Logging, Kubernetes, Bicep
A82: 5 | B82: 46162 | C82: 46265 | E82: Bronze | H82: 46265 | M82: High | N82: Not Resourced | O82: Enabler | P82: 100 | S82: {=INDEX(Skillset!$C$2:$C$101, MOD(ROW()-2, 100)+1)} -> Industry Knowledge - Understanding of the specific industry or market, industry trends, challenges, and best practices., Industry Knowledge - Understanding of the specific industry or market, industry trends, challenges, and best practices., Understanding of how to handle large volumes of data. - Handelling large data volumes
A83: 5 | B83: 46162 | C83: 46265 | E83: Bronze | H83: 46265 | M83: High | N83: Not Resourced | O83: SSE | P83: 100 | S83: {=INDEX(Skillset!$C$2:$C$101, MOD(ROW()-2, 100)+1)} -> Matplotlib and pandas, Data privacy tools, Model serving
A84: 3 | B84: 46165 | C84: 46181 | D84: New Request | E84: Bronze | F84: BMW | H84: 46209 | I84: No | J84: 4 | K84: SOW Pending Signature | L84: Data Advisory | M84: Low | N84: Not Resourced | O84: P | P84: 12.5 | U84: No
A85: 3 | B85: 46165 | C85: 46181 | E85: Bronze | H85: 46209 | M85: Low | N85: Not Resourced | O85: SC | P85: 50
A86: 3 | B86: 46165 | C86: 46181 | E86: Bronze | H86: 46209 | M86: Low | N86: Not Resourced | O86: AC | P86: 100
A87: 3 | B87: 46165 | C87: 46181 | E87: Bronze | H87: 46209 | M87: Low | N87: Not Resourced | O87: PA | P87: 25
A88: 3 | B88: 46165 | C88: 46181 | E88: Bronze | H88: 46209 | M88: Low | N88: Not Resourced | O88: Sol Con | P88: 100 | S88: {=INDEX(Skillset!$C$2:$C$101, MOD(ROW()-2, 100)+1)} -> Docker, Next.JS, Edge functions | V88: Check Ajeeth's leave to make sure this will work
A89: 3 | B89: 46165 | C89: 46181 | E89: Bronze | H89: 46209 | M89: Low | N89: Not Resourced | O89: SSE | P89: 100 | S89: {=INDEX(Skillset!$C$2:$C$101, MOD(ROW()-2, 100)+1)} -> Pinecone, Mlib, Evaluation & Monitoring- LangSmith
A90: 3 | B90: 46165 | C90: 46181 | E90: Bronze | H90: 46209 | M90: Low | N90: Not Resourced | O90: SSE | P90: 100 | S90: {=INDEX(Skillset!$C$2:$C$101, MOD(ROW()-2, 100)+1)} -> Technical Skills - Familiarity with relevant tools and technologies specific to the consulting field. Proficiency in data analysis software, project management tools, or CRM systems., Understanding of how to handle large volumes of data. - Handelling large data volumes, Business Acumen - Understanding of business processes and metrics to align BI solutions with business goals and strategies.
A91: 3 | B91: 46165 | C91: 46181 | D91: New Request | E91: Bronze | F91: Triumph | H91: 46195 | I91: Yes | J91: 2 | K91: Propose & Negotiate | L91: Data Advisory | M91: Urgent | N91: Resourced | O91: SC | P91: 12.5 | U91: No | V91: EM across DSN
A92: 3 | B92: 46165 | C92: 46181 | E92: Bronze | H92: 46195 | M92: Urgent | N92: Not Resourced | O92: SSE | P92: 100 | S92: {=INDEX(Skillset!$C$2:$C$101, MOD(ROW()-2, 100)+1)} -> Logging & alerting, Multi-job execution control, JSON / API extraction | V92: Data engineering
A93: 3 | B93: 46165 | C93: 46181 | E93: Bronze | H93: 46195 | M93: Urgent | N93: Not Resourced | O93: SSE | P93: 100 | S93: {=INDEX(Skillset!$C$2:$C$101, MOD(ROW()-2, 100)+1)} -> Branching, OAuth 2.0, Express.JS | V93: Ai
A94: 3 | B94: 46165 | C94: 46181 | E94: Bronze | H94: 46195 | M94: Urgent | N94: Not Resourced | O94: SE | P94: 100 | S94: {=INDEX(Skillset!$C$2:$C$101, MOD(ROW()-2, 100)+1)} -> SCD basics, Playwright & Selenium, Scrapy | V94: Updating to SE based on current consultant availability - 3 June
A95: 3 | B95: 46165 | C95: 46181 | E95: Bronze | H95: 46195 | M95: Urgent | N95: Not Resourced | O95: SE | P95: 100 | S95: {=INDEX(Skillset!$C$2:$C$101, MOD(ROW()-2, 100)+1)} -> Proxy configuration, Change detection, Audit logging for traceability | V95: Updating to SE based on current consultant availability - 3 June
A96: 3 | B96: 46165 | C96: 46181 | D96: New Request | E96: Bronze | F96: Yamaha | H96: 46209 | I96: Yes | J96: 9 | K96: Opportunity Inception | L96: Core Reporting | M96: Low | N96: Resourced | O96: SC | P96: 12.5 | U96: No | V96: EM across DSN
A97: 3 | B97: 46165 | C97: 46181 | E97: Bronze | H97: 46209 | M97: Low | N97: Not Resourced | O97: C | P97: 100
A98: 3 | B98: 46165 | C98: 46181 | E98: Bronze | H98: 46209 | M98: Low | N98: Not Resourced | O98: SE | P98: 100 | S98: {=INDEX(Skillset!$C$2:$C$101, MOD(ROW()-2, 100)+1)} -> Data Warehousing- Understanding of data warehousing concepts and architecture., Programming Languages - Familiarity with scripting languages for automation., Communication Skills - Ability to present findings and insights to technical and non-technical stakeholders. | V98: Platform Engineer
A99: 3 | B99: 46165 | C99: 46181 | E99: Bronze | H99: 46209 | M99: Low | N99: Not Resourced | O99: SSE | P99: 100 | S99: {=INDEX(Skillset!$C$2:$C$101, MOD(ROW()-2, 100)+1)} -> Data Modelling - Skills in designing and implementing data models., Industry Knowledge - Understanding of the specific industry or market, industry trends, challenges, and best practices., Industry Knowledge - Understanding of the specific industry or market, industry trends, challenges, and best practices. | V99: From D&D phase
A100: 3 | B100: 46165 | C100: 46181 | E100: Bronze | H100: 46209 | M100: Low | N100: Not Resourced | O100: SSE | P100: 100 | S100: {=INDEX(Skillset!$C$2:$C$101, MOD(ROW()-2, 100)+1)} -> Kubeflow, AI Document Processing Platforms - AWS Textract, ML Flow | V100: From D&D phase
...

Sheet Skillset
A1: Row # | B1: COE Skill | C1: Skills (Combined) | D1: COE Skills List
A2: 1 | B2: {=INDEX(_xlfn.ANCHORARRAY($D$2),RANDBETWEEN(1,COUNTA(_xlfn.ANCHORARRAY($D$2))))} -> Data Engineering | C2: Programming Languages - Familiarity with scripting languages for automation., Business Acumen - Understanding of business processes and metrics to align BI solutions with business goals and strategies., Data Warehousing- Understanding of data warehousing concepts and architecture. | D2: {=_xlfn.UNIQUE('[1]Consolidated skill data'!B2:B82212)} -> Data Science & AI
A3: 2 | B3: {=INDEX(_xlfn.ANCHORARRAY($D$2),RANDBETWEEN(1,COUNTA(_xlfn.ANCHORARRAY($D$2))))} -> Full Stack | C3: LlamaIndex, Survival Analysis (CPH), ML Flow | D3: Full Stack
A4: 3 | B4: {=INDEX(_xlfn.ANCHORARRAY($D$2),RANDBETWEEN(1,COUNTA(_xlfn.ANCHORARRAY($D$2))))} -> TechOps and Automation | C4: Monitoring, Network Security, Logging | D4: BI & Reporting, Consulting
A5: 4 | B5: {=INDEX(_xlfn.ANCHORARRAY($D$2),RANDBETWEEN(1,COUNTA(_xlfn.ANCHORARRAY($D$2))))} -> Data Science & AI | C5: PII handling, Scalable execution environments, Incremental loads & CDC | D5: Data Engineering
A6: 5 | B6: {=INDEX(_xlfn.ANCHORARRAY($D$2),RANDBETWEEN(1,COUNTA(_xlfn.ANCHORARRAY($D$2))))} -> Full Stack | C6: Data preparation for decision making report, Anomaly detection, LTV (Life Time Value) | D6: Platform Engineering
A7: 6 | B7: {=INDEX(_xlfn.ANCHORARRAY($D$2),RANDBETWEEN(1,COUNTA(_xlfn.ANCHORARRAY($D$2))))} -> BI & Reporting, Consulting | C7: Industry Knowledge - Understanding of the specific industry or market, industry trends, challenges, and best practices., Communication Skills - Ability to present findings and insights to technical and non-technical stakeholders., Data Visualization Tools - Experience with BI tools like Tableau, Power BI, or QlikView. | D7: TechOps and Automation
A8: 7 | B8: {=INDEX(_xlfn.ANCHORARRAY($D$2),RANDBETWEEN(1,COUNTA(_xlfn.ANCHORARRAY($D$2))))} -> Full Stack | C8: Pipeline design principles, Workspace, environment & compute management, Project scoping & planning
A9: 8 | B9: {=INDEX(_xlfn.ANCHORARRAY($D$2),RANDBETWEEN(1,COUNTA(_xlfn.ANCHORARRAY($D$2))))} -> Data Engineering | C9: Programming Languages - Familiarity with scripting languages for automation., Problem-Solving Skills - Proficiency in identifying issues and developing solutions with creative thinking to approach problems from different angles., SQL Proficiency-Ability to write complex queries and optimize them for performance.
A10: 9 | B10: {=INDEX(_xlfn.ANCHORARRAY($D$2),RANDBETWEEN(1,COUNTA(_xlfn.ANCHORARRAY($D$2))))} -> BI & Reporting, Consulting | C10: integrations, Network Security, Monitoring
A11: 10 | B11: {=INDEX(_xlfn.ANCHORARRAY($D$2),RANDBETWEEN(1,COUNTA(_xlfn.ANCHORARRAY($D$2))))} -> Full Stack | C11: Business Acumen - Understanding of business processes and metrics to align BI solutions with business goals and strategies., Communication Skills - Ability to present findings and insights to technical and non-technical stakeholders., Data Warehousing- Understanding of data warehousing concepts and architecture.
A12: 11 | B12: {=INDEX(_xlfn.ANCHORARRAY($D$2),RANDBETWEEN(1,COUNTA(_xlfn.ANCHORARRAY($D$2))))} -> Data Science & AI | C12: Understanding of how to handle large volumes of data. - Handelling large data volumes, Data Warehousing- Understanding of data warehousing concepts and architecture., Programming Languages - Familiarity with scripting languages for automation.
A13: 12 | B13: {=INDEX(_xlfn.ANCHORARRAY($D$2),RANDBETWEEN(1,COUNTA(_xlfn.ANCHORARRAY($D$2))))} -> Platform Engineering | C13: Statistical Foundations, Large Language Models (LLMs)., Bias detection tools
A14: 13 | B14: {=INDEX(_xlfn.ANCHORARRAY($D$2),RANDBETWEEN(1,COUNTA(_xlfn.ANCHORARRAY($D$2))))} -> BI & Reporting, Consulting | C14: SQL, Cloud AI Platform, Dashbaord integration into salesforce
A15: 14 | B15: {=INDEX(_xlfn.ANCHORARRAY($D$2),RANDBETWEEN(1,COUNTA(_xlfn.ANCHORARRAY($D$2))))} -> BI & Reporting, Consulting | C15: Project Management - Skills in planning, executing, and managing projects to meet deadlines and manage resources effectively., Adaptability - Flexibility to adapt to changing client needs and environments., Project Management - Skills in planning, executing, and managing projects to meet deadlines and manage resources effectively.
A16: 15 | B16: {=INDEX(_xlfn.ANCHORARRAY($D$2),RANDBETWEEN(1,COUNTA(_xlfn.ANCHORARRAY($D$2))))} -> Data Engineering | C16: GraphQL, JavaScript, API Security best practices
A17: 16 | B17: {=INDEX(_xlfn.ANCHORARRAY($D$2),RANDBETWEEN(1,COUNTA(_xlfn.ANCHORARRAY($D$2))))} -> Data Science & AI | C17: Kubernetes, security groups, Tracing
A18: 17 | B18: {=INDEX(_xlfn.ANCHORARRAY($D$2),RANDBETWEEN(1,COUNTA(_xlfn.ANCHORARRAY($D$2))))} -> BI & Reporting, Consulting | C18: Retry & exponential backoff logic, User-agent rotation, Audit logging for traceability
A19: 18 | B19: {=INDEX(_xlfn.ANCHORARRAY($D$2),RANDBETWEEN(1,COUNTA(_xlfn.ANCHORARRAY($D$2))))} -> TechOps and Automation | C19: Audit & lineage basics, Change detection, Data validation checks
... A101: 100 | B101: {=INDEX(_xlfn.ANCHORARRAY($D$2),RANDBETWEEN(1,COUNTA(_xlfn.ANCHORARRAY($D$2))))} -> Platform Engineering | C101: security groups, Network Security, SAST & DAST

Sheet Hierarchy
A1: India Hierarchy | B1: US / UK Hierarchy
A2: Software Engineer | B2: Associate Consultant
A3: Senior Software Engineer | B3: Senior Associate Consultant
A4: Solutions Enabler | B4: Consultant
A5: Solution Consultant | B5: Senior Consultant
A6: Senior Solution Consultant | B6: Manager
A7: Technical Solutions Architect | B7: Principal
A8: Principal Solutions Architect | B8: Associate Partner
B9: Partner

Sheet 6 Months Revenue
A1: Revenue:
A2: June: 4.355K
A3: May: 4.290K
A4: April: 4.177K
A5: March: 4.153K
A6: February: 4.139K
A7: January: 3.801K
